text,sentiment
"  (0, 30)	1
  (0, 82)	1
  (0, 105)	1
  (0, 534)	1
  (0, 680)	1
  (0, 718)	1
  (0, 899)	1
  (0, 1024)	1
  (0, 1141)	1
  (0, 1289)	1
  (0, 1556)	1
  (0, 2095)	1",positive
"  (0, 30)	1
  (0, 507)	1
  (0, 809)	1
  (0, 887)	1
  (0, 978)	1
  (0, 1028)	1
  (0, 1750)	1
  (0, 1816)	1
  (0, 2132)	1
  (0, 2891)	1
  (0, 2913)	1",positive
"  (0, 30)	1
  (0, 82)	2
  (0, 186)	1
  (0, 438)	1
  (0, 599)	1
  (0, 786)	1
  (0, 1000)	1
  (0, 1141)	1
  (0, 1225)	1
  (0, 1435)	1
  (0, 1554)	1
  (0, 1575)	1
  (0, 1616)	1
  (0, 1655)	1
  (0, 2275)	1
  (0, 2411)	1
  (0, 2511)	1
  (0, 2718)	1
  (0, 2719)	1
  (0, 2875)	1",positive
"  (0, 30)	2
  (0, 82)	1
  (0, 167)	1
  (0, 578)	1
  (0, 586)	2
  (0, 600)	1
  (0, 810)	1
  (0, 1065)	1
  (0, 1332)	1
  (0, 1500)	1
  (0, 1554)	1
  (0, 1650)	1
  (0, 1713)	1
  (0, 1749)	1
  (0, 2006)	1
  (0, 2014)	1
  (0, 2163)	1
  (0, 2404)	1
  (0, 2668)	1
  (0, 2850)	1
  (0, 2894)	1
  (0, 2977)	1
  (0, 2981)	1",positive
"  (0, 30)	1
  (0, 82)	1
  (0, 864)	1
  (0, 927)	1
  (0, 1013)	1
  (0, 1500)	1
  (0, 1554)	1
  (0, 1616)	1
  (0, 1723)	1
  (0, 1941)	1
  (0, 2297)	1
  (0, 2399)	1
  (0, 2665)	1
  (0, 2688)	1
  (0, 2939)	1",negative
"  (0, 30)	1
  (0, 82)	1
  (0, 238)	1
  (0, 495)	1
  (0, 510)	1
  (0, 2060)	1
  (0, 2285)	1
  (0, 2948)	1",negative
"  (0, 5)	1
  (0, 30)	1
  (0, 71)	1
  (0, 82)	2
  (0, 238)	1
  (0, 293)	1
  (0, 600)	1
  (0, 849)	1
  (0, 989)	1
  (0, 1198)	1
  (0, 1387)	1
  (0, 1433)	1
  (0, 1790)	1
  (0, 1936)	2
  (0, 2210)	1
  (0, 2918)	1",negative
"  (0, 30)	1
  (0, 82)	2
  (0, 238)	1
  (0, 662)	1
  (0, 932)	1
  (0, 1306)	1
  (0, 1550)	1
  (0, 1628)	1
  (0, 1791)	1
  (0, 2142)	1
  (0, 2417)	1
  (0, 2661)	2
  (0, 2720)	1",positive
"  (0, 30)	1
  (0, 82)	1
  (0, 140)	1
  (0, 927)	1
  (0, 1157)	1
  (0, 1306)	1
  (0, 1378)	1
  (0, 1652)	2
  (0, 1750)	1
  (0, 1813)	1
  (0, 2590)	1
  (0, 2711)	3
  (0, 2719)	1
  (0, 2955)	1",negative
"  (0, 30)	1
  (0, 82)	1
  (0, 95)	1
  (0, 128)	1
  (0, 189)	1
  (0, 425)	1
  (0, 601)	1
  (0, 825)	1
  (0, 902)	1
  (0, 927)	1
  (0, 934)	1
  (0, 1263)	1
  (0, 1301)	1
  (0, 1500)	1
  (0, 1728)	1
  (0, 2134)	1
  (0, 2432)	1
  (0, 2530)	1
  (0, 2643)	1
  (0, 2757)	1
  (0, 2913)	1",positive
"  (0, 30)	1
  (0, 238)	1
  (0, 252)	1
  (0, 586)	1
  (0, 850)	1
  (0, 1248)	1
  (0, 1431)	1
  (0, 2487)	1
  (0, 2661)	1
  (0, 2719)	1
  (0, 2924)	1
  (0, 2969)	1",negative
"  (0, 25)	1
  (0, 30)	2
  (0, 82)	2
  (0, 104)	1
  (0, 586)	1
  (0, 668)	1
  (0, 744)	1
  (0, 764)	1
  (0, 1129)	1
  (0, 1378)	1
  (0, 1620)	1
  (0, 1639)	1
  (0, 1807)	1
  (0, 2011)	1
  (0, 2062)	1
  (0, 2551)	1
  (0, 2726)	1
  (0, 2846)	1
  (0, 2894)	1
  (0, 2979)	1",negative
"  (0, 30)	1
  (0, 82)	1
  (0, 104)	2
  (0, 509)	1
  (0, 671)	1
  (0, 1025)	1
  (0, 1028)	1
  (0, 1157)	1
  (0, 1556)	1
  (0, 1801)	1
  (0, 2236)	1
  (0, 2400)	1
  (0, 2447)	1
  (0, 2560)	1
  (0, 2591)	1
  (0, 2712)	1
  (0, 2716)	1
  (0, 2792)	1
  (0, 2846)	1
  (0, 2913)	1
  (0, 2924)	1
  (0, 3022)	1",negative
"  (0, 30)	1
  (0, 82)	1
  (0, 1028)	1
  (0, 1500)	2
  (0, 1563)	1
  (0, 1650)	1
  (0, 1749)	1
  (0, 1851)	1
  (0, 1967)	1
  (0, 2385)	1
  (0, 2850)	1",neutral
"  (0, 30)	2
  (0, 61)	1
  (0, 82)	1
  (0, 105)	1
  (0, 162)	1
  (0, 558)	1
  (0, 1183)	1
  (0, 1304)	1
  (0, 1356)	1
  (0, 1507)	1
  (0, 1950)	1
  (0, 2018)	1
  (0, 2069)	1
  (0, 2095)	1
  (0, 2285)	1
  (0, 2348)	1
  (0, 2525)	1
  (0, 2724)	1
  (0, 2845)	1",neutral
"  (0, 14)	1
  (0, 30)	1
  (0, 82)	1
  (0, 238)	1
  (0, 1491)	1
  (0, 2164)	1
  (0, 2510)	1",negative
"  (0, 30)	3
  (0, 72)	1
  (0, 82)	1
  (0, 379)	1
  (0, 495)	1
  (0, 526)	1
  (0, 785)	1
  (0, 825)	1
  (0, 1036)	1
  (0, 1160)	1
  (0, 1332)	1
  (0, 1639)	1
  (0, 1804)	1
  (0, 2064)	1
  (0, 2378)	1
  (0, 2977)	1
  (0, 2999)	1",positive
"  (0, 30)	1
  (0, 82)	1
  (0, 1306)	1
  (0, 1345)	1
  (0, 1859)	1
  (0, 2237)	1
  (0, 2514)	1
  (0, 2661)	2",positive
"  (0, 30)	4
  (0, 82)	2
  (0, 111)	1
  (0, 167)	1
  (0, 238)	2
  (0, 600)	2
  (0, 912)	1
  (0, 1036)	1
  (0, 1163)	2
  (0, 1540)	1
  (0, 2095)	1
  (0, 2210)	1
  (0, 2348)	1
  (0, 2843)	1
  (0, 2846)	1
  (0, 2856)	1
  (0, 2913)	1",negative
"  (0, 30)	1
  (0, 303)	1
  (0, 473)	1
  (0, 1654)	1
  (0, 2438)	1
  (0, 2624)	1
  (0, 2706)	1
  (0, 2899)	1",neutral
"  (0, 27)	1
  (0, 30)	1
  (0, 82)	1
  (0, 231)	1
  (0, 1452)	1
  (0, 2661)	1
  (0, 2819)	1
  (0, 2894)	1",neutral
"  (0, 30)	1
  (0, 82)	2
  (0, 535)	1
  (0, 609)	1
  (0, 744)	1
  (0, 912)	1
  (0, 920)	1
  (0, 1130)	1
  (0, 1162)	2
  (0, 1444)	1
  (0, 1584)	1
  (0, 1641)	1
  (0, 1658)	1
  (0, 1734)	1
  (0, 2126)	1
  (0, 2176)	1
  (0, 2208)	1
  (0, 2846)	1
  (0, 2847)	1",positive
"  (0, 30)	1
  (0, 82)	1
  (0, 167)	1
  (0, 876)	1
  (0, 920)	1
  (0, 933)	1
  (0, 1157)	1
  (0, 1561)	1
  (0, 1694)	1
  (0, 1965)	1
  (0, 2044)	1
  (0, 2332)	1
  (0, 2404)	1
  (0, 2934)	1
  (0, 2944)	1
  (0, 2995)	1",positive
"  (0, 30)	1
  (0, 82)	1
  (0, 374)	1
  (0, 838)	1
  (0, 905)	1
  (0, 1871)	1
  (0, 2048)	1
  (0, 2471)	1
  (0, 2759)	1
  (0, 2798)	1",positive
"  (0, 30)	1
  (0, 82)	1
  (0, 516)	1
  (0, 538)	1
  (0, 637)	1
  (0, 1028)	1
  (0, 1111)	1
  (0, 1608)	1
  (0, 2062)	1
  (0, 2359)	1
  (0, 2666)	1
  (0, 2724)	1
  (0, 2995)	1",positive
"  (0, 75)	1
  (0, 82)	1
  (0, 186)	1
  (0, 759)	1
  (0, 899)	1
  (0, 1076)	1
  (0, 1111)	1
  (0, 1306)	1
  (0, 1851)	1
  (0, 2169)	1
  (0, 3002)	1
  (0, 3006)	1",positive
"  (0, 30)	1
  (0, 82)	1
  (0, 176)	1
  (0, 679)	1
  (0, 854)	1
  (0, 934)	1
  (0, 1160)	1
  (0, 1169)	1
  (0, 1440)	1
  (0, 1652)	1
  (0, 1791)	1
  (0, 2077)	1
  (0, 2226)	1
  (0, 2240)	1
  (0, 2661)	1
  (0, 2832)	1
  (0, 2947)	1
  (0, 2975)	1
  (0, 2983)	1
  (0, 3006)	1",neutral
"  (0, 30)	1
  (0, 82)	1
  (0, 139)	1
  (0, 382)	1
  (0, 838)	1
  (0, 927)	1
  (0, 1452)	1
  (0, 1616)	1
  (0, 1791)	1
  (0, 1837)	1
  (0, 1936)	1
  (0, 2526)	1
  (0, 2608)	1",neutral
"  (0, 5)	1
  (0, 30)	1
  (0, 82)	1
  (0, 414)	1
  (0, 421)	1
  (0, 763)	1
  (0, 968)	1
  (0, 1129)	1
  (0, 1306)	1
  (0, 1387)	1
  (0, 1562)	1
  (0, 1703)	1
  (0, 1939)	1
  (0, 2090)	1",negative
"  (0, 30)	1
  (0, 33)	1
  (0, 82)	2
  (0, 170)	1
  (0, 781)	1
  (0, 1107)	1
  (0, 1750)	1
  (0, 1755)	1
  (0, 2584)	1
  (0, 2586)	1
  (0, 2709)	1
  (0, 2994)	1
  (0, 2995)	1",negative
"  (0, 30)	1
  (0, 82)	1
  (0, 116)	1
  (0, 216)	1
  (0, 502)	1
  (0, 1141)	1
  (0, 1157)	1
  (0, 1332)	1
  (0, 1542)	1
  (0, 1658)	1
  (0, 1798)	1
  (0, 2098)	1
  (0, 2332)	1
  (0, 2595)	1
  (0, 2846)	1
  (0, 2894)	1
  (0, 2899)	1
  (0, 3009)	1",negative
"  (0, 30)	2
  (0, 82)	1
  (0, 441)	1
  (0, 932)	1
  (0, 1148)	1
  (0, 1289)	1
  (0, 1556)	1
  (0, 1652)	1
  (0, 1925)	1
  (0, 1939)	1
  (0, 2165)	1
  (0, 2239)	1
  (0, 2603)	1
  (0, 2846)	1",positive
"  (0, 30)	1
  (0, 231)	1
  (0, 238)	1
  (0, 252)	1
  (0, 257)	1
  (0, 297)	1
  (0, 553)	1
  (0, 691)	1
  (0, 927)	1
  (0, 1148)	1
  (0, 1163)	1
  (0, 1204)	1
  (0, 1561)	1
  (0, 1684)	2
  (0, 2060)	1
  (0, 2161)	1
  (0, 2349)	1
  (0, 2399)	1
  (0, 2678)	1",negative
"  (0, 30)	1
  (0, 82)	1
  (0, 441)	1
  (0, 526)	1
  (0, 886)	1
  (0, 1159)	1
  (0, 1163)	2
  (0, 1229)	1
  (0, 2126)	1
  (0, 2240)	1
  (0, 2559)	1
  (0, 2977)	1",positive
"  (0, 250)	1
  (0, 382)	1
  (0, 602)	1
  (0, 609)	1
  (0, 834)	1
  (0, 961)	1
  (0, 1111)	1
  (0, 1301)	1
  (0, 1589)	1
  (0, 1620)	1
  (0, 2164)	1
  (0, 2423)	1
  (0, 2477)	1
  (0, 2533)	1
  (0, 2603)	1
  (0, 2743)	1
  (0, 2877)	2
  (0, 2930)	1",negative
"  (0, 30)	1
  (0, 82)	2
  (0, 446)	1
  (0, 543)	1
  (0, 1065)	1
  (0, 1148)	1
  (0, 1319)	1
  (0, 1554)	1
  (0, 1755)	1
  (0, 2210)	1
  (0, 2304)	1
  (0, 2310)	1
  (0, 2320)	1
  (0, 2719)	1
  (0, 2822)	1",positive
"  (0, 30)	1
  (0, 82)	1
  (0, 145)	1
  (0, 887)	3
  (0, 927)	1
  (0, 1163)	1
  (0, 1445)	2
  (0, 1616)	1
  (0, 1851)	1
  (0, 1897)	1
  (0, 2521)	1
  (0, 2525)	1
  (0, 2894)	2",positive
"  (0, 30)	1
  (0, 82)	1
  (0, 167)	1
  (0, 592)	1
  (0, 1152)	1
  (0, 1661)	1
  (0, 1804)	1
  (0, 2210)	2
  (0, 2425)	1
  (0, 2469)	1
  (0, 2969)	1",negative
"  (0, 30)	1
  (0, 82)	2
  (0, 1194)	1
  (0, 1616)	1
  (0, 1750)	1
  (0, 2447)	1
  (0, 2796)	1
  (0, 2995)	1",neutral
"  (0, 30)	1
  (0, 82)	1
  (0, 139)	1
  (0, 142)	1
  (0, 274)	1
  (0, 671)	1
  (0, 739)	1
  (0, 852)	1
  (0, 1306)	1
  (0, 1378)	2
  (0, 1607)	1
  (0, 1616)	1
  (0, 1655)	1
  (0, 1658)	2
  (0, 1791)	1
  (0, 1804)	1
  (0, 1847)	1
  (0, 1851)	1
  (0, 2063)	1
  (0, 2172)	1",negative
"  (0, 30)	1
  (0, 82)	1
  (0, 470)	1
  (0, 471)	1
  (0, 601)	1
  (0, 978)	1
  (0, 1550)	1
  (0, 1625)	1
  (0, 1750)	1
  (0, 1923)	1
  (0, 2236)	1
  (0, 2296)	1
  (0, 2909)	1",neutral
"  (0, 30)	1
  (0, 82)	1
  (0, 593)	1
  (0, 1160)	1
  (0, 1270)	1
  (0, 1750)	1
  (0, 1807)	1
  (0, 1822)	1
  (0, 2635)	1
  (0, 3006)	1",positive
"  (0, 30)	1
  (0, 82)	1
  (0, 244)	1
  (0, 247)	1
  (0, 1160)	1
  (0, 1347)	1
  (0, 1377)	1
  (0, 1404)	1
  (0, 1643)	1
  (0, 2060)	1
  (0, 2348)	1
  (0, 2578)	2
  (0, 2990)	1",negative
"  (0, 30)	1
  (0, 82)	1
  (0, 141)	1
  (0, 386)	1
  (0, 546)	1
  (0, 586)	1
  (0, 1181)	1
  (0, 1284)	1
  (0, 1289)	1
  (0, 1561)	1
  (0, 1616)	1
  (0, 1750)	1
  (0, 2817)	1
  (0, 2979)	1
  (0, 2990)	1",negative
"  (0, 30)	1
  (0, 82)	1
  (0, 786)	1
  (0, 1452)	1
  (0, 1791)	1
  (0, 2567)	1
  (0, 2984)	1",negative
"  (0, 28)	1
  (0, 30)	1
  (0, 82)	1
  (0, 238)	1
  (0, 250)	1
  (0, 786)	1
  (0, 929)	1
  (0, 995)	1
  (0, 1306)	1
  (0, 1639)	1
  (0, 2125)	1
  (0, 2177)	1
  (0, 2201)	1
  (0, 2297)	1
  (0, 2911)	1",negative
"  (0, 30)	1
  (0, 82)	1
  (0, 586)	1
  (0, 668)	1
  (0, 1616)	1
  (0, 2603)	1
  (0, 2875)	1",neutral
"  (0, 30)	1
  (0, 421)	1
  (0, 573)	1
  (0, 1484)	1
  (0, 2210)	1
  (0, 2629)	1",neutral
"  (0, 30)	1
  (0, 82)	1
  (0, 111)	1
  (0, 176)	1
  (0, 605)	1
  (0, 609)	1
  (0, 1121)	1
  (0, 1345)	1
  (0, 1440)	1
  (0, 1452)	1
  (0, 1554)	1
  (0, 1578)	1
  (0, 2165)	1
  (0, 2375)	1
  (0, 2523)	1
  (0, 2630)	1
  (0, 2713)	1
  (0, 2819)	1
  (0, 2894)	1",positive
"  (0, 27)	1
  (0, 30)	1
  (0, 82)	1
  (0, 847)	1
  (0, 927)	1
  (0, 942)	1
  (0, 1306)	2
  (0, 2400)	1
  (0, 2635)	1
  (0, 2867)	1
  (0, 2955)	1",positive
"  (0, 30)	1
  (0, 82)	1
  (0, 84)	1
  (0, 119)	1
  (0, 120)	1
  (0, 121)	1
  (0, 227)	1
  (0, 238)	1
  (0, 265)	1
  (0, 290)	1
  (0, 310)	1
  (0, 420)	1
  (0, 421)	1
  (0, 659)	1
  (0, 959)	1
  (0, 1276)	1
  (0, 1283)	1
  (0, 1628)	1
  (0, 1723)	1
  (0, 1849)	1
  (0, 2289)	1
  (0, 2514)	1
  (0, 2848)	1
  (0, 2870)	1",negative
"  (0, 30)	1
  (0, 82)	1
  (0, 222)	1
  (0, 1069)	1
  (0, 1227)	1
  (0, 1277)	1
  (0, 1378)	1
  (0, 1601)	1
  (0, 1725)	1
  (0, 1804)	1
  (0, 1980)	1
  (0, 2661)	1
  (0, 2730)	1
  (0, 2971)	1
  (0, 2995)	1
  (0, 2999)	1",positive
"  (0, 30)	1
  (0, 82)	1
  (0, 148)	1
  (0, 181)	1
  (0, 234)	1
  (0, 927)	1
  (0, 1028)	1
  (0, 1111)	1
  (0, 1556)	1
  (0, 2065)	1
  (0, 2127)	1
  (0, 2240)	1
  (0, 2285)	1
  (0, 2603)	1
  (0, 2721)	1
  (0, 2847)	1",neutral
"  (0, 30)	1
  (0, 61)	3
  (0, 82)	1
  (0, 176)	1
  (0, 564)	1
  (0, 885)	1
  (0, 1550)	1
  (0, 1639)	1
  (0, 1762)	1
  (0, 1851)	1
  (0, 2060)	1
  (0, 2201)	1
  (0, 2335)	1
  (0, 2399)	1
  (0, 2619)	1
  (0, 2995)	1",neutral
"  (0, 31)	1
  (0, 69)	1
  (0, 82)	2
  (0, 263)	1
  (0, 498)	1
  (0, 614)	1
  (0, 747)	1
  (0, 808)	1
  (0, 1012)	1
  (0, 1452)	1
  (0, 1503)	1
  (0, 1555)	1
  (0, 1812)	1
  (0, 2399)	1
  (0, 2539)	1
  (0, 2720)	1",negative
"  (0, 0)	1
  (0, 3)	1
  (0, 30)	1
  (0, 82)	1
  (0, 153)	1
  (0, 194)	1
  (0, 238)	1
  (0, 349)	1
  (0, 717)	1
  (0, 853)	1
  (0, 1179)	1
  (0, 1191)	1
  (0, 1306)	1
  (0, 1419)	1
  (0, 2155)	1
  (0, 2208)	1
  (0, 2331)	1
  (0, 2395)	1
  (0, 2792)	2
  (0, 2875)	1",negative
"  (0, 30)	1
  (0, 82)	1
  (0, 605)	1
  (0, 1179)	1
  (0, 1289)	1
  (0, 1996)	1
  (0, 2060)	1
  (0, 2073)	1
  (0, 2172)	1
  (0, 2253)	1
  (0, 2508)	1
  (0, 2757)	2
  (0, 2847)	1
  (0, 2995)	1",positive
"  (0, 30)	1
  (0, 82)	1
  (0, 582)	1
  (0, 838)	1
  (0, 932)	1
  (0, 1052)	1
  (0, 1104)	1
  (0, 1180)	1
  (0, 1289)	1
  (0, 1306)	1
  (0, 1760)	1
  (0, 1842)	1
  (0, 1967)	1
  (0, 2237)	1
  (0, 2526)	1
  (0, 2581)	1
  (0, 2683)	1
  (0, 2975)	1
  (0, 2995)	1",positive
"  (0, 30)	1
  (0, 82)	1
  (0, 208)	1
  (0, 2240)	1
  (0, 2894)	1",neutral
"  (0, 0)	1
  (0, 30)	1
  (0, 67)	1
  (0, 82)	1
  (0, 759)	1
  (0, 1224)	1
  (0, 2015)	1
  (0, 2191)	1
  (0, 2683)	1",neutral
"  (0, 30)	1
  (0, 82)	1
  (0, 200)	1
  (0, 424)	1
  (0, 668)	1
  (0, 827)	1
  (0, 1060)	1
  (0, 1303)	1
  (0, 1491)	1
  (0, 1547)	1
  (0, 1804)	1
  (0, 1857)	1
  (0, 2211)	1
  (0, 2399)	1
  (0, 2511)	1",negative
"  (0, 30)	1
  (0, 82)	3
  (0, 89)	1
  (0, 184)	1
  (0, 238)	1
  (0, 655)	1
  (0, 852)	1
  (0, 911)	1
  (0, 1141)	1
  (0, 1307)	2
  (0, 1404)	1
  (0, 2850)	1
  (0, 2949)	1",negative
"  (0, 30)	1
  (0, 82)	1
  (0, 1130)	1
  (0, 2630)	1
  (0, 2894)	1",positive
"  (0, 30)	1
  (0, 82)	1
  (0, 426)	1
  (0, 685)	1
  (0, 978)	1
  (0, 1163)	1
  (0, 1324)	1
  (0, 1404)	1
  (0, 2683)	1
  (0, 2802)	1
  (0, 2846)	1
  (0, 2913)	1
  (0, 2921)	1",positive
"  (0, 30)	1
  (0, 82)	1
  (0, 290)	1
  (0, 363)	1
  (0, 370)	1
  (0, 381)	3
  (0, 741)	1
  (0, 957)	1
  (0, 1141)	1
  (0, 1547)	1
  (0, 1600)	1
  (0, 2841)	1
  (0, 2872)	1",negative
"  (0, 30)	1
  (0, 82)	1
  (0, 270)	1
  (0, 278)	1
  (0, 927)	1
  (0, 1228)	1
  (0, 1440)	1
  (0, 1615)	1
  (0, 1616)	1
  (0, 2598)	1
  (0, 2635)	1
  (0, 2718)	1
  (0, 2773)	1
  (0, 2894)	1
  (0, 2986)	1",neutral
"  (0, 30)	1
  (0, 82)	2
  (0, 271)	1
  (0, 498)	1
  (0, 747)	1
  (0, 927)	1
  (0, 1130)	1
  (0, 1439)	1
  (0, 2140)	1
  (0, 2236)	1
  (0, 2447)	1
  (0, 2683)	1
  (0, 3010)	1",neutral
"  (0, 30)	2
  (0, 82)	1
  (0, 419)	1
  (0, 1161)	1
  (0, 1550)	1
  (0, 1807)	1
  (0, 2165)	1
  (0, 2236)	1
  (0, 2715)	1
  (0, 2948)	1",neutral
"  (0, 30)	1
  (0, 82)	1
  (0, 586)	1
  (0, 662)	1
  (0, 823)	1
  (0, 2236)	1
  (0, 2995)	1",neutral
"  (0, 30)	1
  (0, 82)	1
  (0, 408)	1
  (0, 953)	1
  (0, 1258)	1
  (0, 1292)	1
  (0, 1791)	1
  (0, 2566)	1
  (0, 2894)	2",positive
"  (0, 30)	1
  (0, 82)	1
  (0, 600)	1
  (0, 864)	1
  (0, 1135)	1
  (0, 1148)	1
  (0, 1229)	1
  (0, 1306)	1
  (0, 1659)	1
  (0, 1915)	1
  (0, 2105)	1
  (0, 2236)	1
  (0, 2511)	1
  (0, 2606)	1
  (0, 2894)	2
  (0, 2913)	2
  (0, 2977)	1
  (0, 2985)	1
  (0, 2990)	2",positive
"  (0, 30)	1
  (0, 82)	1
  (0, 238)	1
  (0, 1141)	1
  (0, 1803)	1
  (0, 2283)	1
  (0, 2661)	1
  (0, 2981)	1",positive
"  (0, 30)	1
  (0, 82)	1
  (0, 558)	1
  (0, 560)	1
  (0, 914)	1
  (0, 1148)	1
  (0, 1198)	1
  (0, 1556)	1
  (0, 1765)	1
  (0, 1791)	2
  (0, 1925)	1
  (0, 1941)	1
  (0, 2022)	1
  (0, 2256)	1
  (0, 2410)	1
  (0, 2566)	1
  (0, 2591)	1
  (0, 2669)	1
  (0, 2899)	1
  (0, 3009)	1",positive
"  (0, 30)	1
  (0, 82)	1
  (0, 238)	2
  (0, 299)	1
  (0, 847)	1
  (0, 893)	1
  (0, 1227)	1
  (0, 1440)	1
  (0, 1936)	1
  (0, 2511)	1
  (0, 2661)	1
  (0, 2719)	2
  (0, 2726)	1
  (0, 2975)	1",negative
"  (0, 30)	1
  (0, 82)	1
  (0, 176)	1
  (0, 516)	1
  (0, 606)	1
  (0, 732)	1
  (0, 2281)	1
  (0, 2326)	1
  (0, 2995)	1",positive
"  (0, 25)	1
  (0, 30)	1
  (0, 104)	1
  (0, 419)	1
  (0, 586)	2
  (0, 927)	1
  (0, 1025)	1
  (0, 1130)	1
  (0, 1489)	1
  (0, 1555)	1
  (0, 1667)	1
  (0, 2003)	1
  (0, 2160)	1
  (0, 2400)	1
  (0, 2753)	1",neutral
"  (0, 30)	2
  (0, 82)	2
  (0, 942)	1
  (0, 1163)	1
  (0, 1554)	2
  (0, 2236)	1
  (0, 2581)	1
  (0, 2596)	2
  (0, 2716)	1
  (0, 2718)	1
  (0, 2995)	2",positive
"  (0, 30)	1
  (0, 82)	1
  (0, 140)	1
  (0, 225)	1
  (0, 430)	1
  (0, 637)	1
  (0, 662)	2
  (0, 1106)	1
  (0, 1141)	1
  (0, 1179)	1
  (0, 1211)	1
  (0, 1554)	1
  (0, 1616)	1
  (0, 1750)	2
  (0, 2277)	1
  (0, 2661)	1",neutral
"  (0, 30)	1
  (0, 82)	1
  (0, 747)	1
  (0, 824)	1
  (0, 1454)	1
  (0, 1694)	1
  (0, 1925)	1
  (0, 2208)	1
  (0, 2595)	1
  (0, 2995)	1",positive
"  (0, 30)	1
  (0, 82)	1
  (0, 95)	1
  (0, 238)	1
  (0, 383)	1
  (0, 553)	1
  (0, 566)	1
  (0, 763)	1
  (0, 812)	1
  (0, 902)	1
  (0, 1133)	1
  (0, 1229)	1
  (0, 1306)	1
  (0, 1500)	1
  (0, 1501)	1
  (0, 1620)	1
  (0, 1723)	1
  (0, 1826)	1
  (0, 2011)	1
  (0, 2236)	1
  (0, 2289)	1
  (0, 2321)	1
  (0, 2351)	1",negative
"  (0, 30)	1
  (0, 82)	1
  (0, 394)	1
  (0, 1224)	1
  (0, 1936)	1
  (0, 1980)	1
  (0, 2661)	1
  (0, 2741)	1
  (0, 2973)	1",neutral
"  (0, 30)	1
  (0, 82)	1
  (0, 192)	1
  (0, 560)	1
  (0, 934)	1
  (0, 941)	1
  (0, 989)	1
  (0, 1130)	1
  (0, 1554)	2
  (0, 1803)	1
  (0, 1881)	1
  (0, 1939)	1
  (0, 2425)	2
  (0, 2511)	1
  (0, 2756)	1",positive
"  (0, 30)	1
  (0, 876)	1
  (0, 1003)	1
  (0, 1654)	1",neutral
"  (0, 30)	1
  (0, 82)	1
  (0, 238)	1
  (0, 662)	1
  (0, 781)	1
  (0, 1013)	1
  (0, 1028)	1
  (0, 1163)	1
  (0, 1211)	1
  (0, 1241)	2
  (0, 1589)	1
  (0, 1594)	1
  (0, 2172)	1
  (0, 2181)	1
  (0, 2201)	1
  (0, 2355)	1",negative
"  (0, 30)	1
  (0, 82)	3
  (0, 909)	1
  (0, 1130)	1
  (0, 1307)	2
  (0, 1988)	1
  (0, 2017)	1
  (0, 2400)	1
  (0, 2705)	1
  (0, 2964)	2",neutral
"  (0, 30)	1
  (0, 82)	1
  (0, 1874)	1
  (0, 2240)	1",neutral
"  (0, 30)	1
  (0, 82)	1
  (0, 105)	1
  (0, 378)	1
  (0, 867)	1
  (0, 1111)	1
  (0, 2410)	1
  (0, 2595)	1
  (0, 2596)	1
  (0, 2973)	1",negative
"  (0, 30)	2
  (0, 82)	1
  (0, 1584)	1
  (0, 2724)	1
  (0, 2726)	1
  (0, 2990)	1",negative
"  (0, 30)	2
  (0, 82)	2
  (0, 170)	1
  (0, 234)	1
  (0, 370)	1
  (0, 507)	2
  (0, 709)	1
  (0, 920)	1
  (0, 1168)	1
  (0, 2127)	1
  (0, 2285)	1
  (0, 2567)	1
  (0, 2774)	1
  (0, 2846)	1
  (0, 2867)	1
  (0, 2894)	4
  (0, 2977)	1
  (0, 2999)	1",negative
"  (0, 30)	1
  (0, 82)	1
  (0, 252)	1
  (0, 382)	1
  (0, 978)	1
  (0, 981)	1
  (0, 1007)	1
  (0, 1380)	1
  (0, 1554)	1
  (0, 1996)	1
  (0, 2079)	1
  (0, 2126)	1
  (0, 2202)	1
  (0, 2349)	1
  (0, 2376)	1
  (0, 2403)	1
  (0, 2603)	1
  (0, 2656)	1
  (0, 2847)	1
  (0, 2894)	1",positive
"  (0, 30)	2
  (0, 82)	1
  (0, 345)	1
  (0, 586)	1
  (0, 610)	1
  (0, 737)	1
  (0, 741)	1
  (0, 884)	1
  (0, 1179)	1
  (0, 1216)	3
  (0, 1550)	1
  (0, 1616)	1
  (0, 1941)	2
  (0, 1987)	1
  (0, 2242)	1
  (0, 2636)	1
  (0, 2723)	1",positive
"  (0, 14)	1
  (0, 30)	1
  (0, 82)	1
  (0, 182)	1
  (0, 435)	1
  (0, 824)	1
  (0, 893)	1
  (0, 920)	1
  (0, 1148)	1
  (0, 1157)	1
  (0, 1540)	1
  (0, 1554)	1
  (0, 1936)	1
  (0, 2683)	1
  (0, 2718)	1
  (0, 2846)	1
  (0, 2847)	1
  (0, 2848)	1
  (0, 2966)	1
  (0, 2975)	1",positive
"  (0, 30)	1
  (0, 82)	1
  (0, 108)	2
  (0, 176)	1
  (0, 252)	1
  (0, 436)	1
  (0, 920)	1
  (0, 1049)	1
  (0, 1087)	1
  (0, 1150)	1
  (0, 1518)	1
  (0, 1817)	1
  (0, 1925)	1
  (0, 1936)	1
  (0, 2068)	2
  (0, 2159)	1
  (0, 2165)	1
  (0, 2635)	1
  (0, 2683)	1
  (0, 2847)	1
  (0, 2894)	1
  (0, 2913)	1
  (0, 2995)	1",positive
"  (0, 30)	2
  (0, 82)	1
  (0, 277)	1
  (0, 553)	1
  (0, 1157)	1
  (0, 1584)	1
  (0, 2015)	1
  (0, 2372)	1
  (0, 2447)	1",neutral
"  (0, 30)	2
  (0, 82)	1
  (0, 111)	1
  (0, 234)	1
  (0, 600)	1
  (0, 1043)	1
  (0, 1363)	1
  (0, 1500)	1
  (0, 1851)	1
  (0, 2097)	1
  (0, 2285)	1
  (0, 2423)	1
  (0, 2476)	1
  (0, 2521)	1
  (0, 2696)	1
  (0, 2766)	1
  (0, 2810)	1
  (0, 2846)	1
  (0, 2894)	2",positive
"  (0, 30)	2
  (0, 82)	1
  (0, 394)	1
  (0, 927)	1
  (0, 1096)	1
  (0, 1249)	1
  (0, 1366)	1
  (0, 1491)	1
  (0, 1538)	1
  (0, 1620)	1
  (0, 2471)	1
  (0, 2591)	1
  (0, 2726)	1
  (0, 2823)	1
  (0, 2899)	1
  (0, 3009)	1",negative
"  (0, 30)	1
  (0, 82)	1
  (0, 176)	1
  (0, 633)	1
  (0, 858)	1
  (0, 2719)	1
  (0, 2722)	1",positive
"  (0, 82)	1
  (0, 382)	1
  (0, 600)	1
  (0, 960)	1
  (0, 1164)	1
  (0, 1306)	1
  (0, 1500)	1
  (0, 2348)	1
  (0, 2607)	1
  (0, 2668)	1
  (0, 2683)	1
  (0, 2850)	1
  (0, 2877)	1",positive
"  (0, 30)	2
  (0, 82)	1
  (0, 126)	1
  (0, 297)	1
  (0, 786)	1
  (0, 1028)	2
  (0, 1070)	1
  (0, 1130)	1
  (0, 1163)	1
  (0, 1261)	1
  (0, 1289)	1
  (0, 1532)	1
  (0, 1639)	1
  (0, 1655)	1
  (0, 1750)	1
  (0, 1804)	1
  (0, 2165)	1
  (0, 2220)	1
  (0, 2399)	1
  (0, 2400)	1
  (0, 2973)	1",positive
"  (0, 30)	1
  (0, 82)	2
  (0, 238)	1
  (0, 277)	1
  (0, 560)	1
  (0, 785)	1
  (0, 1111)	1
  (0, 1159)	1
  (0, 1218)	1
  (0, 1791)	1
  (0, 1851)	1
  (0, 2024)	1
  (0, 2210)	1
  (0, 2304)	1
  (0, 2678)	2
  (0, 2794)	1
  (0, 3001)	1",negative
"  (0, 30)	1
  (0, 54)	1
  (0, 82)	1
  (0, 435)	1
  (0, 609)	1
  (0, 626)	1
  (0, 965)	1
  (0, 1191)	1
  (0, 1268)	1
  (0, 1419)	1
  (0, 1624)	2
  (0, 1684)	1
  (0, 1804)	1
  (0, 1829)	1
  (0, 2348)	1
  (0, 2663)	1",positive
"  (0, 30)	2
  (0, 82)	1
  (0, 104)	1
  (0, 170)	1
  (0, 176)	1
  (0, 266)	1
  (0, 447)	1
  (0, 464)	1
  (0, 517)	1
  (0, 605)	1
  (0, 765)	1
  (0, 934)	1
  (0, 1616)	1
  (0, 1639)	1
  (0, 1936)	1
  (0, 1972)	1
  (0, 2059)	1
  (0, 2155)	1
  (0, 2719)	1
  (0, 2753)	1",negative
"  (0, 30)	1
  (0, 82)	1
  (0, 408)	1
  (0, 769)	1
  (0, 812)	1
  (0, 1496)	1
  (0, 1542)	1
  (0, 1598)	1
  (0, 1797)	1
  (0, 2719)	1
  (0, 2995)	1",negative
"  (0, 30)	1
  (0, 82)	1
  (0, 231)	1
  (0, 586)	1
  (0, 1452)	1
  (0, 2021)	1
  (0, 2333)	1
  (0, 2661)	1
  (0, 2718)	1
  (0, 2894)	1
  (0, 2939)	1
  (0, 2955)	1
  (0, 3005)	1",negative
"  (0, 30)	2
  (0, 82)	1
  (0, 238)	2
  (0, 278)	1
  (0, 444)	1
  (0, 586)	1
  (0, 763)	1
  (0, 978)	1
  (0, 1179)	1
  (0, 1491)	1
  (0, 1561)	1
  (0, 1730)	1
  (0, 2003)	1
  (0, 2126)	1
  (0, 2566)	1
  (0, 2846)	2
  (0, 2850)	1
  (0, 2894)	2
  (0, 2990)	1",negative
"  (0, 30)	1
  (0, 82)	1
  (0, 170)	1
  (0, 1022)	1
  (0, 1927)	3
  (0, 2913)	1
  (0, 2988)	3
  (0, 2995)	1",positive
"  (0, 28)	1
  (0, 30)	1
  (0, 82)	1
  (0, 104)	1
  (0, 176)	1
  (0, 1013)	1
  (0, 1111)	1
  (0, 1488)	1
  (0, 1510)	1
  (0, 1535)	1
  (0, 1554)	1
  (0, 2208)	1
  (0, 2240)	1
  (0, 2701)	1
  (0, 2718)	1
  (0, 2867)	1
  (0, 2894)	1
  (0, 2990)	1
  (0, 2995)	1",positive
"  (0, 30)	1
  (0, 52)	1
  (0, 82)	1
  (0, 174)	1
  (0, 441)	1
  (0, 467)	1
  (0, 1003)	1
  (0, 1370)	1
  (0, 1412)	1
  (0, 1623)	1
  (0, 1851)	1
  (0, 2017)	1
  (0, 2180)	1
  (0, 2846)	1
  (0, 3002)	1
  (0, 3006)	1",negative
"  (0, 30)	1
  (0, 82)	2
  (0, 105)	1
  (0, 370)	1
  (0, 602)	1
  (0, 856)	1
  (0, 862)	1
  (0, 1133)	2
  (0, 1302)	1
  (0, 1550)	1
  (0, 1554)	1
  (0, 1623)	1
  (0, 1624)	1
  (0, 1723)	1
  (0, 1804)	1
  (0, 1844)	1
  (0, 1959)	1
  (0, 2121)	1
  (0, 2726)	1",negative
"  (0, 30)	1
  (0, 82)	1
  (0, 2264)	1
  (0, 2552)	1
  (0, 2990)	1",neutral
"  (0, 27)	1
  (0, 30)	1
  (0, 82)	1
  (0, 360)	2
  (0, 1107)	1
  (0, 1361)	1
  (0, 1742)	1
  (0, 1851)	1
  (0, 2083)	1
  (0, 2285)	1
  (0, 2457)	1
  (0, 2688)	1
  (0, 2753)	1
  (0, 2850)	1
  (0, 2894)	3
  (0, 2968)	1
  (0, 2977)	1",positive
"  (0, 30)	1
  (0, 82)	1
  (0, 134)	1
  (0, 507)	1
  (0, 603)	1
  (0, 781)	1
  (0, 920)	1
  (0, 1141)	1
  (0, 1332)	1
  (0, 1452)	1
  (0, 1548)	1
  (0, 1554)	1
  (0, 1658)	1
  (0, 1804)	1
  (0, 2267)	1
  (0, 2477)	1
  (0, 2846)	1
  (0, 2894)	1
  (0, 3019)	2",negative
"  (0, 30)	1
  (0, 373)	1
  (0, 568)	1
  (0, 586)	1
  (0, 620)	1
  (0, 1141)	1
  (0, 1229)	1
  (0, 1480)	1
  (0, 1750)	1
  (0, 1760)	1
  (0, 2048)	1
  (0, 2073)	1
  (0, 2172)	1
  (0, 2261)	1
  (0, 2419)	1
  (0, 2472)	1
  (0, 2846)	1",positive
"  (0, 30)	1
  (0, 82)	1
  (0, 183)	1
  (0, 278)	1
  (0, 419)	1
  (0, 671)	1
  (0, 927)	1
  (0, 1141)	1
  (0, 1214)	1
  (0, 1603)	1
  (0, 1750)	1
  (0, 2333)	1
  (0, 2389)	1
  (0, 2635)	1
  (0, 2846)	1
  (0, 2894)	1",negative
"  (0, 30)	1
  (0, 82)	1
  (0, 1526)	1
  (0, 1791)	1
  (0, 1925)	2
  (0, 2603)	1
  (0, 2995)	1",positive
"  (0, 30)	2
  (0, 82)	2
  (0, 104)	1
  (0, 105)	1
  (0, 637)	1
  (0, 737)	1
  (0, 827)	1
  (0, 927)	1
  (0, 1765)	1
  (0, 1846)	1
  (0, 1925)	2
  (0, 1956)	1
  (0, 2060)	1
  (0, 2507)	1
  (0, 2603)	1
  (0, 2719)	1
  (0, 2823)	1
  (0, 2850)	1
  (0, 2894)	2
  (0, 2947)	1",positive
"  (0, 31)	1
  (0, 82)	1
  (0, 86)	1
  (0, 1289)	1
  (0, 1750)	1
  (0, 2710)	1
  (0, 2881)	1",neutral
"  (0, 30)	1
  (0, 82)	1
  (0, 230)	1
  (0, 256)	1
  (0, 1111)	1
  (0, 1289)	2
  (0, 1332)	1
  (0, 1378)	1
  (0, 1476)	1
  (0, 1562)	1
  (0, 1566)	1
  (0, 1988)	1
  (0, 2095)	2
  (0, 2521)	1
  (0, 2846)	1
  (0, 2894)	1",negative
"  (0, 31)	1
  (0, 33)	1
  (0, 709)	1
  (0, 825)	1
  (0, 1160)	1
  (0, 1750)	1
  (0, 2237)	1
  (0, 2953)	1",positive
"  (0, 30)	2
  (0, 82)	2
  (0, 386)	1
  (0, 429)	1
  (0, 786)	1
  (0, 864)	1
  (0, 1204)	1
  (0, 1755)	1
  (0, 2165)	1
  (0, 2237)	1
  (0, 2261)	1
  (0, 2584)	1
  (0, 2855)	1
  (0, 2894)	3
  (0, 2939)	1
  (0, 2975)	1
  (0, 2984)	1",positive
"  (0, 30)	2
  (0, 82)	1
  (0, 277)	1
  (0, 553)	1
  (0, 1157)	1
  (0, 1584)	1
  (0, 2015)	1
  (0, 2372)	1
  (0, 2447)	1",neutral
"  (0, 30)	1
  (0, 82)	1
  (0, 425)	1
  (0, 737)	1
  (0, 786)	1
  (0, 809)	1
  (0, 978)	1
  (0, 1289)	1
  (0, 1500)	1
  (0, 1554)	1
  (0, 1589)	1
  (0, 1616)	1
  (0, 1650)	1
  (0, 1791)	1
  (0, 2716)	1
  (0, 2744)	1
  (0, 2757)	1
  (0, 2850)	1",positive
"  (0, 30)	1
  (0, 82)	1
  (0, 111)	1
  (0, 799)	1
  (0, 934)	1
  (0, 1042)	1
  (0, 1141)	1
  (0, 1168)	1
  (0, 1319)	1
  (0, 1496)	1
  (0, 1730)	1
  (0, 1936)	1
  (0, 2282)	1
  (0, 2308)	1
  (0, 2606)	1
  (0, 2750)	1
  (0, 2884)	1
  (0, 2913)	1
  (0, 2990)	1
  (0, 2995)	1",negative
"  (0, 30)	1
  (0, 82)	2
  (0, 105)	1
  (0, 464)	1
  (0, 899)	1
  (0, 1060)	1
  (0, 1141)	1
  (0, 1378)	2
  (0, 1556)	1
  (0, 1787)	1
  (0, 2098)	1
  (0, 2378)	1
  (0, 2404)	1
  (0, 2472)	1
  (0, 2696)	1
  (0, 2823)	1
  (0, 2845)	1
  (0, 2990)	1
  (0, 2995)	1",positive
"  (0, 82)	1
  (0, 429)	1
  (0, 1130)	1",neutral
"  (0, 1)	1
  (0, 30)	1
  (0, 82)	1
  (0, 104)	1
  (0, 474)	1
  (0, 756)	1
  (0, 1033)	2
  (0, 1141)	1
  (0, 1440)	1
  (0, 2159)	1
  (0, 2569)	2
  (0, 2661)	1
  (0, 2746)	1
  (0, 2865)	1
  (0, 2961)	1",positive
"  (0, 7)	1
  (0, 30)	1
  (0, 82)	1
  (0, 170)	1
  (0, 425)	1
  (0, 507)	1
  (0, 553)	1
  (0, 779)	1
  (0, 1194)	1
  (0, 1307)	1
  (0, 1566)	1
  (0, 1589)	1
  (0, 1658)	1
  (0, 1760)	1
  (0, 1813)	1
  (0, 1851)	1
  (0, 2172)	1
  (0, 2472)	1
  (0, 2529)	1
  (0, 2687)	1
  (0, 2718)	1
  (0, 2913)	2",positive
"  (0, 30)	1
  (0, 82)	1
  (0, 170)	1
  (0, 302)	1
  (0, 491)	1
  (0, 1168)	1
  (0, 1503)	1
  (0, 1791)	1
  (0, 1851)	1
  (0, 1985)	1
  (0, 3006)	1",neutral
"  (0, 30)	3
  (0, 82)	1
  (0, 238)	3
  (0, 654)	2
  (0, 999)	1
  (0, 1000)	1
  (0, 1169)	1
  (0, 1292)	1
  (0, 1526)	1
  (0, 1874)	1
  (0, 2045)	1
  (0, 2210)	1
  (0, 2321)	1
  (0, 2399)	1
  (0, 2507)	1
  (0, 2764)	1
  (0, 2850)	1",negative
"  (0, 30)	1
  (0, 82)	1
  (0, 350)	1
  (0, 594)	1
  (0, 1204)	1
  (0, 1967)	1
  (0, 2072)	1
  (0, 2240)	1",neutral
"  (0, 30)	1
  (0, 51)	2
  (0, 82)	3
  (0, 250)	1
  (0, 435)	1
  (0, 786)	1
  (0, 995)	1
  (0, 1166)	1
  (0, 1652)	1
  (0, 1708)	1
  (0, 1936)	1
  (0, 2584)	1
  (0, 2586)	1
  (0, 2781)	1
  (0, 2922)	1
  (0, 2995)	1",negative
"  (0, 27)	1
  (0, 30)	1
  (0, 36)	1
  (0, 82)	1
  (0, 394)	1
  (0, 824)	1
  (0, 1102)	1
  (0, 1554)	1
  (0, 1596)	1
  (0, 1755)	1
  (0, 2126)	1
  (0, 2236)	1
  (0, 2715)	1
  (0, 2894)	1",positive
"  (0, 30)	1
  (0, 54)	1
  (0, 82)	1
  (0, 238)	1
  (0, 507)	1
  (0, 586)	1
  (0, 1148)	1
  (0, 1314)	1
  (0, 1816)	1
  (0, 2135)	1
  (0, 2562)	1
  (0, 2990)	3",negative
"  (0, 30)	1
  (0, 82)	1
  (0, 394)	1
  (0, 1224)	1
  (0, 1936)	1
  (0, 1980)	1
  (0, 2661)	1
  (0, 2741)	1
  (0, 2973)	1",neutral
"  (0, 594)	1
  (0, 953)	1
  (0, 986)	1
  (0, 1104)	1
  (0, 2285)	1",negative
"  (0, 30)	1
  (0, 82)	1
  (0, 252)	1
  (0, 1111)	1
  (0, 1163)	1
  (0, 1289)	1
  (0, 1452)	1
  (0, 1595)	1
  (0, 1886)	1
  (0, 2349)	1",negative
"  (0, 30)	1
  (0, 82)	2
  (0, 101)	1
  (0, 266)	1
  (0, 460)	1
  (0, 935)	1
  (0, 1141)	1
  (0, 1452)	1
  (0, 1512)	1
  (0, 1526)	1
  (0, 2002)	1
  (0, 2236)	1
  (0, 2237)	1
  (0, 2421)	1
  (0, 2719)	1
  (0, 2728)	1
  (0, 2905)	1",positive
"  (0, 30)	1
  (0, 82)	1
  (0, 1421)	1
  (0, 2724)	1",neutral
"  (0, 30)	1
  (0, 82)	1
  (0, 134)	1
  (0, 544)	1
  (0, 692)	1
  (0, 805)	1
  (0, 1277)	1
  (0, 1735)	1
  (0, 1916)	1
  (0, 2894)	1
  (0, 2984)	1
  (0, 3006)	1",negative
"  (0, 30)	1
  (0, 82)	1
  (0, 99)	1
  (0, 1503)	1
  (0, 1554)	1
  (0, 1639)	1
  (0, 1735)	1
  (0, 1803)	1
  (0, 2399)	1
  (0, 2405)	1
  (0, 2517)	1
  (0, 2606)	1
  (0, 2661)	1
  (0, 2961)	1",positive
"  (0, 30)	1
  (0, 35)	1
  (0, 82)	3
  (0, 226)	1
  (0, 238)	1
  (0, 760)	1
  (0, 942)	1
  (0, 1233)	1
  (0, 1378)	1
  (0, 1554)	1
  (0, 1591)	1
  (0, 1816)	1
  (0, 1936)	1
  (0, 2036)	1
  (0, 2289)	1
  (0, 2666)	1
  (0, 2714)	2
  (0, 2790)	1
  (0, 2981)	1",negative
"  (0, 30)	1
  (0, 36)	1
  (0, 82)	1
  (0, 1179)	1
  (0, 1550)	1
  (0, 2169)	1
  (0, 2457)	1
  (0, 2551)	1
  (0, 2768)	1
  (0, 2817)	1
  (0, 2884)	1
  (0, 2924)	1
  (0, 2981)	1",neutral
"  (0, 30)	1
  (0, 82)	1
  (0, 379)	1
  (0, 470)	1
  (0, 790)	1
  (0, 1332)	1
  (0, 1491)	1
  (0, 1589)	1
  (0, 1752)	1
  (0, 2165)	1
  (0, 2521)	1
  (0, 2846)	1",neutral
"  (0, 30)	1
  (0, 82)	1
  (0, 145)	1
  (0, 160)	1
  (0, 238)	1
  (0, 292)	1
  (0, 396)	1
  (0, 550)	1
  (0, 655)	1
  (0, 825)	1
  (0, 1129)	1
  (0, 1133)	1
  (0, 1142)	1
  (0, 1562)	2
  (0, 1635)	1
  (0, 1681)	1
  (0, 2582)	1
  (0, 2746)	1
  (0, 2757)	1",positive
"  (0, 30)	2
  (0, 82)	4
  (0, 747)	1
  (0, 1161)	1
  (0, 1658)	1
  (0, 2716)	1
  (0, 2719)	1
  (0, 2995)	1",negative
"  (0, 30)	1
  (0, 82)	1
  (0, 809)	1
  (0, 1404)	1
  (0, 2850)	1
  (0, 2894)	1",positive
"  (0, 17)	1
  (0, 30)	1
  (0, 104)	1
  (0, 493)	1
  (0, 1163)	1
  (0, 1433)	1
  (0, 1474)	1
  (0, 1803)	1
  (0, 2193)	2
  (0, 2404)	1
  (0, 2718)	1",positive
"  (0, 30)	1
  (0, 82)	3
  (0, 386)	1
  (0, 419)	1
  (0, 786)	1
  (0, 990)	1
  (0, 1289)	2
  (0, 1616)	1
  (0, 1791)	1
  (0, 1936)	1
  (0, 1987)	1
  (0, 2285)	1
  (0, 2306)	1
  (0, 2719)	1
  (0, 2955)	1
  (0, 2994)	1
  (0, 3009)	1",positive
"  (0, 30)	1
  (0, 82)	1
  (0, 806)	1
  (0, 913)	1
  (0, 1378)	1
  (0, 1480)	1
  (0, 1503)	1
  (0, 1556)	1
  (0, 1735)	1
  (0, 1816)	2
  (0, 2084)	1
  (0, 2289)	1
  (0, 2400)	1
  (0, 2580)	1
  (0, 2823)	2
  (0, 2894)	1
  (0, 3006)	1",positive
"  (0, 30)	1
  (0, 82)	1
  (0, 238)	1
  (0, 278)	1
  (0, 317)	1
  (0, 1218)	1
  (0, 1480)	1
  (0, 1554)	1
  (0, 2211)	1",negative
"  (0, 30)	2
  (0, 82)	2
  (0, 512)	1
  (0, 2236)	1
  (0, 2603)	1
  (0, 2767)	1
  (0, 2823)	1
  (0, 2850)	1
  (0, 2913)	1
  (0, 2948)	1
  (0, 2977)	1
  (0, 2986)	1
  (0, 3028)	1",positive
"  (0, 30)	2
  (0, 82)	1
  (0, 1023)	1
  (0, 1157)	1
  (0, 1160)	1
  (0, 1194)	1
  (0, 2062)	1
  (0, 2719)	1
  (0, 2977)	1",neutral
"  (0, 30)	1
  (0, 50)	1
  (0, 70)	1
  (0, 82)	1
  (0, 299)	1
  (0, 927)	1
  (0, 1480)	1
  (0, 1936)	1
  (0, 2562)	1
  (0, 2726)	1
  (0, 2847)	1",negative
"  (0, 31)	1
  (0, 82)	1
  (0, 601)	1
  (0, 973)	1
  (0, 1028)	1
  (0, 1554)	1
  (0, 1589)	1
  (0, 1599)	1
  (0, 2165)	1
  (0, 2425)	1
  (0, 2511)	1
  (0, 2724)	1
  (0, 2757)	1
  (0, 2850)	1
  (0, 2977)	1",positive
"  (0, 30)	2
  (0, 82)	1
  (0, 104)	1
  (0, 105)	1
  (0, 116)	1
  (0, 917)	1
  (0, 991)	1
  (0, 1157)	2
  (0, 1161)	1
  (0, 1556)	1
  (0, 2044)	1
  (0, 2165)	1
  (0, 2179)	1
  (0, 2399)	1
  (0, 2447)	1
  (0, 2595)	1
  (0, 2635)	1
  (0, 2709)	1
  (0, 2944)	1
  (0, 2959)	1
  (0, 2990)	1",positive
"  (0, 30)	1
  (0, 35)	1
  (0, 82)	1
  (0, 151)	1
  (0, 200)	1
  (0, 206)	2
  (0, 323)	1
  (0, 373)	1
  (0, 507)	1
  (0, 1248)	1
  (0, 1404)	1
  (0, 1554)	1
  (0, 1577)	1
  (0, 1803)	1
  (0, 2846)	1
  (0, 2894)	1",positive
"  (0, 30)	1
  (0, 82)	1
  (0, 324)	1
  (0, 347)	1
  (0, 494)	1
  (0, 568)	1
  (0, 609)	1
  (0, 806)	1
  (0, 876)	1
  (0, 1059)	1
  (0, 1195)	1
  (0, 1365)	1
  (0, 1470)	1
  (0, 1765)	1
  (0, 1830)	1
  (0, 2130)	1
  (0, 2254)	1
  (0, 2539)	1
  (0, 2760)	1
  (0, 2934)	2",positive
"  (0, 28)	1
  (0, 30)	1
  (0, 82)	2
  (0, 104)	1
  (0, 111)	1
  (0, 238)	1
  (0, 854)	1
  (0, 935)	1
  (0, 937)	1
  (0, 1163)	1
  (0, 1179)	1
  (0, 1218)	1
  (0, 1554)	1
  (0, 1639)	1
  (0, 1936)	1
  (0, 2718)	1
  (0, 2847)	1
  (0, 3009)	1",positive
"  (0, 82)	3
  (0, 1765)	1
  (0, 2554)	1
  (0, 2595)	1
  (0, 2713)	3
  (0, 2962)	1",negative
"  (0, 30)	1
  (0, 67)	1
  (0, 82)	2
  (0, 94)	1
  (0, 379)	1
  (0, 586)	1
  (0, 601)	1
  (0, 680)	1
  (0, 1008)	1
  (0, 1111)	1
  (0, 1224)	1
  (0, 1750)	1
  (0, 1994)	1
  (0, 2015)	1
  (0, 2180)	1
  (0, 2191)	1
  (0, 2333)	1",neutral
"  (0, 30)	1
  (0, 173)	1
  (0, 199)	1
  (0, 681)	1
  (0, 1034)	1
  (0, 1526)	1
  (0, 2095)	1
  (0, 2161)	1
  (0, 2289)	1
  (0, 2350)	1
  (0, 2515)	1
  (0, 2726)	2",negative
"  (0, 30)	1
  (0, 66)	1
  (0, 82)	2
  (0, 111)	1
  (0, 373)	1
  (0, 385)	1
  (0, 507)	1
  (0, 665)	1
  (0, 934)	1
  (0, 987)	1
  (0, 1028)	1
  (0, 1160)	1
  (0, 1616)	1
  (0, 2332)	1
  (0, 2444)	1
  (0, 2559)	1
  (0, 2595)	1
  (0, 2635)	1
  (0, 2899)	1
  (0, 2977)	1
  (0, 3009)	1",positive
"  (0, 30)	1
  (0, 82)	1
  (0, 133)	1
  (0, 1130)	1
  (0, 1452)	1
  (0, 1573)	1
  (0, 1839)	1
  (0, 1922)	1
  (0, 2044)	1
  (0, 2344)	1
  (0, 2360)	1
  (0, 2530)	1
  (0, 2768)	1
  (0, 2811)	1
  (0, 2861)	1
  (0, 2877)	1",positive
"  (0, 30)	1
  (0, 82)	1
  (0, 104)	1
  (0, 507)	1
  (0, 602)	1
  (0, 674)	1
  (0, 786)	1
  (0, 1028)	2
  (0, 1130)	1
  (0, 1160)	2
  (0, 1494)	1
  (0, 1503)	1
  (0, 1554)	1
  (0, 1750)	1
  (0, 2069)	1
  (0, 2405)	1
  (0, 2567)	1
  (0, 2719)	1
  (0, 2794)	1
  (0, 2894)	1
  (0, 2939)	1
  (0, 2943)	1
  (0, 2948)	1
  (0, 2990)	1",positive
"  (0, 30)	1
  (0, 82)	1
  (0, 302)	1
  (0, 317)	1
  (0, 1007)	1
  (0, 1027)	1
  (0, 1554)	1
  (0, 2044)	1
  (0, 2372)	1
  (0, 2514)	1
  (0, 2747)	1
  (0, 3031)	1",positive
"  (0, 30)	1
  (0, 35)	1
  (0, 82)	1
  (0, 1142)	1
  (0, 1452)	1
  (0, 1496)	1
  (0, 1601)	1
  (0, 1605)	1
  (0, 1643)	1
  (0, 2237)	1
  (0, 2318)	1
  (0, 2399)	1
  (0, 2492)	1
  (0, 2773)	1
  (0, 2894)	1
  (0, 2904)	1
  (0, 2979)	1",neutral
"  (0, 30)	1
  (0, 82)	1
  (0, 135)	1
  (0, 238)	1
  (0, 591)	1
  (0, 927)	1
  (0, 943)	1
  (0, 1169)	1
  (0, 1218)	1
  (0, 1793)	1
  (0, 1851)	1
  (0, 2121)	1
  (0, 2132)	2
  (0, 2228)	1
  (0, 2285)	1
  (0, 2846)	1
  (0, 2847)	1
  (0, 2913)	1",positive
"  (0, 27)	1
  (0, 30)	1
  (0, 75)	1
  (0, 82)	1
  (0, 252)	1
  (0, 634)	1
  (0, 927)	1
  (0, 1013)	1
  (0, 1347)	1
  (0, 1365)	1
  (0, 2719)	1
  (0, 2924)	1
  (0, 2990)	1
  (0, 3006)	1
  (0, 3010)	1",neutral
"  (0, 30)	1
  (0, 82)	1
  (0, 250)	1
  (0, 304)	2
  (0, 338)	1
  (0, 429)	1
  (0, 507)	1
  (0, 553)	1
  (0, 726)	1
  (0, 963)	1
  (0, 1324)	1
  (0, 2010)	1
  (0, 2768)	1
  (0, 2846)	1
  (0, 2850)	1
  (0, 2952)	1
  (0, 3002)	1",neutral
"  (0, 30)	2
  (0, 82)	1
  (0, 216)	1
  (0, 231)	1
  (0, 991)	1
  (0, 1556)	1
  (0, 1691)	1
  (0, 1755)	1
  (0, 2065)	1
  (0, 2172)	1
  (0, 2236)	1
  (0, 2285)	1
  (0, 2372)	1
  (0, 2459)	1
  (0, 2595)	2
  (0, 2617)	1
  (0, 2894)	1
  (0, 2913)	2
  (0, 2995)	1",positive
"  (0, 30)	1
  (0, 82)	1
  (0, 167)	1
  (0, 202)	1
  (0, 238)	1
  (0, 432)	1
  (0, 823)	1
  (0, 1057)	1
  (0, 1507)	1
  (0, 1540)	1
  (0, 1554)	1
  (0, 1584)	1
  (0, 1600)	1
  (0, 1851)	1
  (0, 2226)	1
  (0, 2310)	1
  (0, 2445)	1
  (0, 2592)	1",negative
"  (0, 30)	1
  (0, 82)	1
  (0, 1306)	1
  (0, 2236)	1",neutral
"  (0, 30)	1
  (0, 82)	1
  (0, 478)	1
  (0, 1526)	1
  (0, 1594)	1",neutral
"  (0, 30)	1
  (0, 67)	1
  (0, 174)	1
  (0, 899)	1
  (0, 1289)	1
  (0, 1412)	1",positive
"  (0, 30)	1
  (0, 82)	1
  (0, 238)	1
  (0, 394)	1
  (0, 586)	1
  (0, 825)	1
  (0, 1306)	1
  (0, 2060)	1
  (0, 2333)	1
  (0, 2661)	1
  (0, 2767)	1
  (0, 2862)	2
  (0, 2991)	1",negative
"  (0, 30)	1
  (0, 82)	1
  (0, 139)	1
  (0, 599)	1
  (0, 902)	1
  (0, 1157)	1
  (0, 1224)	1
  (0, 1289)	1
  (0, 1306)	2
  (0, 1532)	1
  (0, 1750)	1
  (0, 1791)	1
  (0, 1804)	1
  (0, 2283)	1
  (0, 2400)	1",neutral
"  (0, 30)	1
  (0, 82)	1
  (0, 297)	1
  (0, 927)	1
  (0, 1292)	2
  (0, 1332)	1
  (0, 1948)	1
  (0, 2620)	2
  (0, 2635)	1
  (0, 2703)	1
  (0, 2718)	1
  (0, 2774)	1
  (0, 2850)	1
  (0, 2969)	1",positive
"  (0, 30)	1
  (0, 82)	1
  (0, 291)	1
  (0, 2236)	1",neutral
"  (0, 31)	1
  (0, 82)	2
  (0, 238)	1
  (0, 633)	1
  (0, 1755)	1
  (0, 1794)	1
  (0, 1991)	1
  (0, 2014)	1
  (0, 2017)	1
  (0, 2245)	1
  (0, 2447)	1
  (0, 2497)	1
  (0, 2768)	1",negative
"  (0, 30)	2
  (0, 82)	2
  (0, 493)	1
  (0, 1421)	1
  (0, 1554)	1
  (0, 1936)	1
  (0, 2039)	1
  (0, 2399)	1
  (0, 2414)	1
  (0, 2721)	1
  (0, 2990)	1",positive
"  (0, 30)	1
  (0, 82)	1
  (0, 635)	1
  (0, 1444)	1
  (0, 1608)	1
  (0, 2850)	2
  (0, 2877)	1
  (0, 2894)	3
  (0, 3020)	1",positive
"  (0, 30)	1
  (0, 36)	1
  (0, 82)	2
  (0, 128)	1
  (0, 877)	2
  (0, 1036)	1
  (0, 1041)	1
  (0, 1108)	1
  (0, 1160)	2
  (0, 1452)	1
  (0, 1488)	1
  (0, 1554)	2
  (0, 2068)	1
  (0, 2921)	1
  (0, 3010)	1",positive
"  (0, 30)	1
  (0, 43)	1
  (0, 82)	1
  (0, 558)	1
  (0, 1191)	1
  (0, 1332)	1
  (0, 1928)	1
  (0, 2095)	1
  (0, 2522)	1
  (0, 2846)	1",neutral
"  (0, 30)	1
  (0, 82)	1
  (0, 247)	1
  (0, 252)	1
  (0, 1141)	1
  (0, 1161)	1
  (0, 2595)	1
  (0, 2709)	1
  (0, 3005)	1
  (0, 3013)	1",negative
"  (0, 30)	1
  (0, 82)	1
  (0, 129)	1
  (0, 563)	1
  (0, 1160)	1
  (0, 1791)	1
  (0, 2079)	1
  (0, 2719)	1
  (0, 2894)	1",positive
"  (0, 0)	1
  (0, 30)	1
  (0, 82)	2
  (0, 234)	1
  (0, 238)	1
  (0, 292)	1
  (0, 493)	1
  (0, 2045)	1
  (0, 2576)	1",positive
"  (0, 30)	1
  (0, 82)	1
  (0, 174)	2
  (0, 225)	1
  (0, 484)	1
  (0, 1306)	1
  (0, 1412)	2
  (0, 2915)	1",positive
"  (0, 30)	1
  (0, 82)	1
  (0, 399)	1
  (0, 490)	1
  (0, 511)	1
  (0, 586)	1
  (0, 943)	1
  (0, 1116)	1
  (0, 1306)	2
  (0, 1421)	1
  (0, 1554)	1
  (0, 1755)	1
  (0, 1913)	1
  (0, 1941)	1
  (0, 2020)	1
  (0, 2719)	1
  (0, 2767)	2
  (0, 2894)	1
  (0, 2939)	1
  (0, 2999)	1
  (0, 3000)	1",positive
"  (0, 30)	2
  (0, 36)	1
  (0, 82)	1
  (0, 176)	1
  (0, 512)	1
  (0, 606)	1
  (0, 1291)	1
  (0, 1639)	1
  (0, 1762)	1
  (0, 1865)	1
  (0, 1948)	1
  (0, 1984)	1
  (0, 1988)	1
  (0, 2432)	1
  (0, 2847)	1
  (0, 2894)	1
  (0, 2899)	1
  (0, 2969)	1
  (0, 2977)	1
  (0, 2990)	1",positive
"  (0, 30)	1
  (0, 82)	1
  (0, 741)	1
  (0, 928)	1
  (0, 1130)	1
  (0, 1575)	1
  (0, 1987)	1
  (0, 2306)	1
  (0, 2865)	1",positive
"  (0, 30)	3
  (0, 82)	2
  (0, 424)	1
  (0, 854)	2
  (0, 1224)	1
  (0, 1577)	1
  (0, 1813)	1
  (0, 2031)	1
  (0, 2165)	1
  (0, 2510)	1
  (0, 2581)	1
  (0, 2846)	1
  (0, 2850)	1",neutral
"  (0, 30)	1
  (0, 82)	1
  (0, 602)	1
  (0, 787)	1
  (0, 1229)	1
  (0, 2159)	1
  (0, 2976)	1",negative
"  (0, 30)	1
  (0, 82)	1
  (0, 408)	1
  (0, 425)	1
  (0, 507)	1
  (0, 786)	1
  (0, 1160)	1
  (0, 1292)	1
  (0, 1302)	1
  (0, 1470)	1
  (0, 1750)	1
  (0, 1800)	1
  (0, 2159)	1
  (0, 2172)	1
  (0, 2264)	1
  (0, 2349)	1
  (0, 2595)	1
  (0, 2603)	1
  (0, 2716)	1
  (0, 2894)	1
  (0, 2907)	1
  (0, 2913)	2",positive
"  (0, 30)	1
  (0, 82)	1
  (0, 2240)	1
  (0, 2488)	1
  (0, 2894)	1",neutral
"  (0, 30)	1
  (0, 82)	1
  (0, 115)	1
  (0, 238)	1
  (0, 582)	1
  (0, 694)	1
  (0, 897)	1
  (0, 915)	1
  (0, 1251)	1
  (0, 1385)	1
  (0, 1491)	1
  (0, 1555)	1
  (0, 1616)	1
  (0, 1711)	1
  (0, 2159)	1
  (0, 2205)	1
  (0, 2559)	1
  (0, 2728)	1
  (0, 2757)	1
  (0, 2846)	1
  (0, 3028)	1",negative
"  (0, 1)	1
  (0, 30)	1
  (0, 82)	1
  (0, 323)	1
  (0, 812)	1
  (0, 1292)	1
  (0, 1419)	1
  (0, 1554)	1
  (0, 1575)	1
  (0, 1601)	1
  (0, 2114)	1
  (0, 2188)	1
  (0, 2846)	1",positive
"  (0, 30)	1
  (0, 1163)	1
  (0, 2447)	1",neutral
"  (0, 30)	2
  (0, 82)	1
  (0, 164)	1
  (0, 256)	1
  (0, 531)	1
  (0, 899)	1
  (0, 1014)	1
  (0, 1378)	1
  (0, 1476)	1
  (0, 1513)	1
  (0, 1518)	1
  (0, 1542)	1
  (0, 1554)	1
  (0, 1996)	1
  (0, 2468)	1
  (0, 2719)	2
  (0, 2995)	2
  (0, 3010)	1",positive
"  (0, 82)	1
  (0, 321)	1
  (0, 672)	1
  (0, 1030)	1
  (0, 1224)	1
  (0, 1434)	1
  (0, 2015)	1",neutral
"  (0, 5)	1
  (0, 30)	1
  (0, 82)	1
  (0, 475)	1
  (0, 530)	1
  (0, 920)	1
  (0, 927)	1
  (0, 978)	1
  (0, 1267)	1
  (0, 1332)	1
  (0, 1387)	1
  (0, 2625)	1
  (0, 2708)	1
  (0, 2817)	1
  (0, 2939)	1",negative
"  (0, 30)	1
  (0, 82)	1
  (0, 170)	1
  (0, 429)	1
  (0, 449)	1
  (0, 529)	1
  (0, 1404)	1
  (0, 1612)	1
  (0, 1616)	1
  (0, 1772)	1
  (0, 1791)	1
  (0, 2348)	1
  (0, 2846)	1
  (0, 2850)	1
  (0, 2894)	1",negative
"  (0, 30)	1
  (0, 66)	1
  (0, 81)	1
  (0, 82)	1
  (0, 116)	1
  (0, 167)	1
  (0, 234)	1
  (0, 862)	1
  (0, 987)	1
  (0, 1005)	1
  (0, 1440)	1
  (0, 1484)	1
  (0, 1672)	1
  (0, 1796)	1
  (0, 2187)	1
  (0, 2240)	1
  (0, 2256)	1
  (0, 2332)	1
  (0, 2591)	1
  (0, 2595)	1
  (0, 2840)	1",negative
"  (0, 30)	1
  (0, 231)	1
  (0, 606)	1
  (0, 1111)	1
  (0, 1526)	2
  (0, 1941)	1
  (0, 2155)	1
  (0, 2238)	1
  (0, 2525)	1
  (0, 2977)	1",neutral
"  (0, 30)	1
  (0, 35)	1
  (0, 82)	2
  (0, 142)	1
  (0, 1013)	1
  (0, 1130)	1
  (0, 1306)	1
  (0, 1319)	1
  (0, 1503)	1
  (0, 1554)	1
  (0, 1556)	1
  (0, 1812)	1
  (0, 1831)	1
  (0, 2161)	1
  (0, 2724)	1
  (0, 2798)	1
  (0, 2847)	1
  (0, 2913)	1
  (0, 2921)	1
  (0, 2990)	2",positive
"  (0, 30)	1
  (0, 72)	1
  (0, 82)	1
  (0, 238)	1
  (0, 435)	1
  (0, 563)	1
  (0, 936)	1
  (0, 938)	1
  (0, 1414)	1
  (0, 1498)	1
  (0, 1575)	1
  (0, 1623)	1
  (0, 2172)	1
  (0, 2358)	1
  (0, 2981)	1",negative
"  (0, 30)	2
  (0, 82)	2
  (0, 472)	1
  (0, 813)	1
  (0, 981)	1
  (0, 1107)	1
  (0, 1129)	1
  (0, 1135)	1
  (0, 1600)	1
  (0, 1925)	1
  (0, 2083)	1
  (0, 2159)	3
  (0, 2559)	1
  (0, 2663)	1
  (0, 2894)	6",negative
"  (0, 30)	1
  (0, 82)	1
  (0, 104)	1
  (0, 265)	1
  (0, 920)	1
  (0, 1816)	1
  (0, 1987)	1
  (0, 2447)	1
  (0, 2511)	1
  (0, 2992)	1
  (0, 3000)	1",neutral
"  (0, 30)	1
  (0, 82)	1
  (0, 250)	2
  (0, 553)	1
  (0, 602)	1
  (0, 838)	1
  (0, 1131)	1
  (0, 1137)	1
  (0, 1141)	1
  (0, 1319)	1
  (0, 1554)	2
  (0, 1584)	1
  (0, 1720)	1
  (0, 1748)	1
  (0, 1750)	1
  (0, 2361)	1
  (0, 2378)	1
  (0, 2425)	1
  (0, 2584)	1
  (0, 2609)	1
  (0, 2740)	1
  (0, 2767)	1
  (0, 2999)	1",negative
"  (0, 30)	1
  (0, 82)	1
  (0, 184)	1
  (0, 238)	1
  (0, 297)	1
  (0, 586)	1
  (0, 662)	1
  (0, 1160)	1
  (0, 1169)	1
  (0, 1291)	1
  (0, 1484)	1
  (0, 1554)	1
  (0, 1654)	1
  (0, 1791)	1
  (0, 1856)	1
  (0, 1952)	1
  (0, 2035)	1
  (0, 2206)	1
  (0, 2559)	1
  (0, 2561)	1
  (0, 2719)	1
  (0, 2817)	1
  (0, 2930)	1",positive
"  (0, 30)	1
  (0, 105)	1
  (0, 530)	1
  (0, 554)	1
  (0, 586)	1
  (0, 785)	1
  (0, 791)	1
  (0, 917)	1
  (0, 1013)	1
  (0, 1372)	1
  (0, 1491)	1
  (0, 1862)	1
  (0, 2165)	1
  (0, 2510)	1
  (0, 2635)	1",negative
"  (0, 30)	2
  (0, 33)	1
  (0, 82)	2
  (0, 342)	1
  (0, 664)	1
  (0, 825)	1
  (0, 986)	1
  (0, 1224)	1
  (0, 1289)	2
  (0, 1332)	1
  (0, 1426)	1
  (0, 1526)	1
  (0, 1616)	1
  (0, 1625)	1
  (0, 1750)	2
  (0, 1847)	1
  (0, 2237)	1
  (0, 2563)	1
  (0, 2796)	1
  (0, 2845)	1
  (0, 3006)	1",negative
"  (0, 0)	1
  (0, 30)	2
  (0, 51)	1
  (0, 82)	2
  (0, 435)	1
  (0, 515)	1
  (0, 727)	1
  (0, 955)	1
  (0, 1452)	1
  (0, 1554)	1
  (0, 1616)	1
  (0, 1936)	1
  (0, 1952)	2
  (0, 2237)	1
  (0, 2333)	1
  (0, 2717)	1
  (0, 2718)	1
  (0, 2872)	1
  (0, 2995)	1",positive
"  (0, 30)	2
  (0, 82)	1
  (0, 129)	1
  (0, 134)	1
  (0, 470)	1
  (0, 810)	1
  (0, 927)	1
  (0, 1116)	1
  (0, 1133)	1
  (0, 1289)	1
  (0, 1500)	1
  (0, 1791)	1
  (0, 2070)	1
  (0, 2293)	1
  (0, 2394)	1
  (0, 2595)	2
  (0, 2664)	1
  (0, 2772)	1
  (0, 2846)	1
  (0, 2894)	2
  (0, 2899)	1
  (0, 2939)	1
  (0, 2944)	1",negative
"  (0, 30)	1
  (0, 96)	1
  (0, 238)	1
  (0, 495)	1
  (0, 626)	1
  (0, 1034)	1
  (0, 1284)	1
  (0, 1643)	1
  (0, 2194)	1
  (0, 2313)	1
  (0, 2514)	1
  (0, 3028)	1",negative
"  (0, 30)	1
  (0, 82)	2
  (0, 167)	1
  (0, 513)	1
  (0, 920)	1
  (0, 1148)	1
  (0, 1306)	1
  (0, 1570)	1
  (0, 1600)	1
  (0, 1936)	1
  (0, 2068)	1
  (0, 2447)	1
  (0, 2736)	1
  (0, 2803)	1
  (0, 2867)	1
  (0, 2987)	1",neutral
"  (0, 26)	1
  (0, 30)	1
  (0, 82)	1
  (0, 1554)	1
  (0, 2236)	1
  (0, 2867)	1
  (0, 2913)	1
  (0, 3006)	1",positive
"  (0, 5)	1
  (0, 30)	1
  (0, 42)	1
  (0, 82)	1
  (0, 278)	1
  (0, 464)	1
  (0, 516)	1
  (0, 619)	1
  (0, 1292)	1
  (0, 2115)	1
  (0, 2165)	1
  (0, 2285)	1
  (0, 2289)	1
  (0, 2360)	1",positive
"  (0, 30)	1
  (0, 148)	1
  (0, 359)	1
  (0, 360)	1
  (0, 594)	1
  (0, 782)	1
  (0, 928)	1
  (0, 1474)	1
  (0, 1639)	1
  (0, 1667)	1
  (0, 1781)	1
  (0, 2022)	1
  (0, 2877)	1
  (0, 2934)	1",positive
"  (0, 30)	1
  (0, 82)	1
  (0, 380)	1
  (0, 731)	1
  (0, 981)	1
  (0, 1169)	1
  (0, 1503)	1
  (0, 2165)	1
  (0, 2337)	2
  (0, 2656)	1
  (0, 2746)	1
  (0, 2934)	1
  (0, 2990)	2",positive
"  (0, 30)	1
  (0, 82)	1
  (0, 136)	1
  (0, 164)	1
  (0, 238)	1
  (0, 424)	1
  (0, 750)	1
  (0, 1043)	1
  (0, 1424)	1
  (0, 1573)	1
  (0, 1790)	1
  (0, 2038)	1
  (0, 2210)	1
  (0, 2404)	1
  (0, 2707)	1",negative
"  (0, 30)	1
  (0, 82)	1
  (0, 112)	1
  (0, 141)	1
  (0, 390)	2
  (0, 786)	1
  (0, 942)	1
  (0, 1306)	1
  (0, 1554)	1
  (0, 1556)	1
  (0, 2006)	1
  (0, 2127)	1
  (0, 2285)	1
  (0, 2913)	2",positive
"  (0, 30)	1
  (0, 82)	1
  (0, 135)	1
  (0, 266)	1
  (0, 292)	1
  (0, 692)	1
  (0, 1133)	1
  (0, 1194)	1
  (0, 1404)	1
  (0, 1584)	1
  (0, 1750)	1
  (0, 2132)	1
  (0, 2603)	1
  (0, 2696)	1
  (0, 2757)	1
  (0, 2990)	2
  (0, 3009)	1",positive
"  (0, 27)	1
  (0, 30)	1
  (0, 82)	1
  (0, 234)	1
  (0, 1157)	1
  (0, 1851)	1
  (0, 2159)	1
  (0, 2551)	1
  (0, 2661)	1",neutral
"  (0, 30)	1
  (0, 82)	1
  (0, 425)	1
  (0, 586)	1
  (0, 681)	1
  (0, 741)	1
  (0, 809)	1
  (0, 825)	1
  (0, 978)	1
  (0, 1218)	1
  (0, 1500)	1
  (0, 1589)	1
  (0, 2655)	1
  (0, 2721)	1
  (0, 2847)	1
  (0, 2939)	1
  (0, 3001)	1",positive
"  (0, 30)	1
  (0, 507)	1
  (0, 809)	1
  (0, 887)	1
  (0, 978)	1
  (0, 1028)	1
  (0, 1816)	1
  (0, 2132)	1
  (0, 2891)	1
  (0, 2913)	1",positive
"  (0, 30)	1
  (0, 143)	1
  (0, 290)	1
  (0, 441)	1
  (0, 1003)	1
  (0, 1755)	1
  (0, 2387)	1",neutral
"  (0, 30)	2
  (0, 82)	1
  (0, 438)	1
  (0, 1306)	1
  (0, 1791)	1
  (0, 2576)	1
  (0, 2990)	1",positive
"  (0, 30)	2
  (0, 82)	2
  (0, 101)	1
  (0, 113)	1
  (0, 1000)	1
  (0, 1157)	1
  (0, 1199)	2
  (0, 1226)	1
  (0, 1452)	1
  (0, 1600)	1
  (0, 1829)	1
  (0, 2236)	1
  (0, 2238)	1
  (0, 2297)	1
  (0, 2332)	1
  (0, 2595)	1
  (0, 2603)	1
  (0, 2722)	1
  (0, 2850)	1
  (0, 2995)	1",negative
"  (0, 30)	1
  (0, 82)	1
  (0, 140)	1
  (0, 222)	2
  (0, 292)	1
  (0, 512)	1
  (0, 568)	1
  (0, 1158)	1
  (0, 1496)	1
  (0, 1556)	1
  (0, 1948)	1
  (0, 2237)	2
  (0, 2846)	1
  (0, 2862)	1
  (0, 2969)	1",positive
"  (0, 30)	1
  (0, 75)	1
  (0, 82)	2
  (0, 593)	2
  (0, 743)	1
  (0, 1108)	1
  (0, 1306)	2
  (0, 1996)	1
  (0, 2226)	2
  (0, 2240)	1
  (0, 2966)	1
  (0, 2983)	1
  (0, 3006)	1",neutral
"  (0, 30)	1
  (0, 82)	1
  (0, 605)	1
  (0, 973)	1
  (0, 1435)	2
  (0, 1851)	1
  (0, 1879)	1
  (0, 1892)	2
  (0, 2065)	1
  (0, 2894)	1
  (0, 2977)	1",neutral
"  (0, 30)	1
  (0, 82)	1
  (0, 1750)	1
  (0, 2921)	1
  (0, 2990)	1",neutral
"  (0, 30)	1
  (0, 82)	1
  (0, 441)	1
  (0, 927)	1
  (0, 2021)	1
  (0, 2236)	1
  (0, 2724)	1
  (0, 2995)	1",neutral
"  (0, 30)	1
  (0, 82)	2
  (0, 176)	1
  (0, 555)	1
  (0, 570)	1
  (0, 1194)	1
  (0, 1554)	1
  (0, 1597)	1
  (0, 1678)	1
  (0, 1679)	1
  (0, 1941)	1
  (0, 2165)	1
  (0, 2597)	1
  (0, 2721)	1
  (0, 2726)	1
  (0, 2787)	1
  (0, 2791)	1
  (0, 2894)	1
  (0, 2983)	1",negative
"  (0, 9)	1
  (0, 28)	1
  (0, 30)	1
  (0, 82)	4
  (0, 155)	1
  (0, 517)	1
  (0, 574)	1
  (0, 989)	1
  (0, 1130)	2
  (0, 1263)	1
  (0, 1404)	1
  (0, 1491)	1
  (0, 1510)	1
  (0, 1554)	1
  (0, 1575)	1
  (0, 2022)	1
  (0, 2046)	1
  (0, 2132)	1
  (0, 2361)	1
  (0, 2414)	1
  (0, 2715)	1
  (0, 2846)	1
  (0, 2850)	1
  (0, 2894)	3",positive
"  (0, 30)	1
  (0, 82)	1
  (0, 95)	1
  (0, 238)	1
  (0, 252)	1
  (0, 378)	1
  (0, 408)	1
  (0, 786)	1
  (0, 790)	1
  (0, 984)	1
  (0, 1078)	1
  (0, 1130)	1
  (0, 2159)	1
  (0, 2719)	1
  (0, 2792)	1
  (0, 2847)	1",negative
"  (0, 1)	1
  (0, 30)	1
  (0, 82)	3
  (0, 209)	1
  (0, 292)	1
  (0, 419)	1
  (0, 438)	1
  (0, 635)	1
  (0, 1000)	1
  (0, 1028)	1
  (0, 1616)	1
  (0, 1620)	1
  (0, 1792)	1
  (0, 1807)	1
  (0, 2191)	1
  (0, 2195)	1
  (0, 2240)	1
  (0, 2595)	1
  (0, 2757)	1
  (0, 2792)	1
  (0, 2977)	1
  (0, 3001)	1",neutral
"  (0, 30)	1
  (0, 82)	1
  (0, 386)	1
  (0, 950)	1
  (0, 1099)	1
  (0, 1160)	1
  (0, 2102)	1
  (0, 2236)	1
  (0, 2332)	1
  (0, 2595)	1
  (0, 2791)	1
  (0, 2847)	1
  (0, 2944)	1",negative
"  (0, 30)	2
  (0, 35)	1
  (0, 82)	2
  (0, 387)	1
  (0, 727)	1
  (0, 729)	1
  (0, 896)	1
  (0, 957)	1
  (0, 1388)	1
  (0, 1558)	1
  (0, 2655)	1
  (0, 2845)	1",negative
"  (0, 30)	1
  (0, 82)	1
  (0, 104)	1
  (0, 278)	1
  (0, 297)	1
  (0, 419)	1
  (0, 446)	1
  (0, 470)	1
  (0, 743)	1
  (0, 790)	1
  (0, 847)	1
  (0, 927)	1
  (0, 1179)	1
  (0, 1851)	1
  (0, 2399)	1",neutral
"  (0, 30)	1
  (0, 82)	1
  (0, 104)	1
  (0, 238)	1
  (0, 266)	1
  (0, 495)	1
  (0, 504)	1
  (0, 637)	1
  (0, 927)	1
  (0, 1160)	1
  (0, 1163)	3
  (0, 1518)	2
  (0, 1730)	2
  (0, 1980)	1
  (0, 2003)	1
  (0, 2248)	2
  (0, 2282)	1
  (0, 2674)	1
  (0, 2719)	1",negative
"  (0, 30)	1
  (0, 50)	1
  (0, 82)	2
  (0, 112)	1
  (0, 238)	2
  (0, 654)	1
  (0, 927)	1
  (0, 929)	1
  (0, 1163)	1
  (0, 1519)	1
  (0, 1936)	2
  (0, 2020)	1
  (0, 2079)	1
  (0, 2358)	1
  (0, 2581)	2
  (0, 2666)	1
  (0, 2990)	1",negative
"  (0, 30)	1
  (0, 82)	1
  (0, 105)	1
  (0, 331)	1
  (0, 432)	1
  (0, 516)	1
  (0, 741)	1
  (0, 1133)	1
  (0, 1258)	1
  (0, 1554)	1
  (0, 1897)	1
  (0, 1988)	1
  (0, 2467)	1
  (0, 2581)	1
  (0, 2683)	1
  (0, 2796)	1
  (0, 2990)	1",positive
"  (0, 30)	2
  (0, 82)	1
  (0, 1067)	1
  (0, 1161)	1
  (0, 1575)	1
  (0, 1847)	1
  (0, 2059)	1
  (0, 2596)	1
  (0, 3017)	1",neutral
"  (0, 30)	1
  (0, 82)	2
  (0, 238)	1
  (0, 294)	1
  (0, 295)	1
  (0, 516)	1
  (0, 580)	1
  (0, 659)	2
  (0, 689)	1
  (0, 1491)	1
  (0, 1723)	2
  (0, 1789)	1
  (0, 1879)	1
  (0, 1999)	1
  (0, 2359)	1
  (0, 2718)	1
  (0, 2767)	1
  (0, 2975)	1",negative
"  (0, 30)	1
  (0, 82)	1
  (0, 932)	1
  (0, 1533)	1
  (0, 1750)	1
  (0, 2847)	1
  (0, 2990)	1",neutral
"  (0, 30)	1
  (0, 82)	1
  (0, 373)	1
  (0, 417)	1
  (0, 569)	1
  (0, 586)	1
  (0, 1149)	1
  (0, 1221)	1
  (0, 1530)	1
  (0, 1757)	2
  (0, 2016)	1
  (0, 2718)	2
  (0, 2802)	1
  (0, 2981)	1",negative
"  (0, 30)	1
  (0, 82)	1
  (0, 105)	1
  (0, 884)	1
  (0, 1087)	1
  (0, 1616)	2
  (0, 1742)	1
  (0, 1750)	1
  (0, 1822)	1
  (0, 2585)	1
  (0, 2661)	1
  (0, 2846)	1",negative
